{"loss": [2.4876914024353027, 2.207564115524292, 2.1328482627868652, 2.097759485244751, 2.0726230144500732, 2.0500316619873047, 2.0218698978424072, 1.992537021636963, 1.9591681957244873, 1.9239816665649414, 1.8952025175094604, 1.8705410957336426, 1.845793604850769, 1.8260043859481812, 1.8074125051498413, 1.795233964920044, 1.7692031860351562, 1.7501932382583618, 1.7336033582687378, 1.715697169303894, 1.6998250484466553, 1.6842291355133057, 1.6689369678497314, 1.6549266576766968, 1.6414034366607666, 1.6300634145736694, 1.6199092864990234, 1.6084781885147095, 1.597822904586792, 1.5893478393554688], "acc": [0.2761363983154297, 0.34424248337745667, 0.3663026988506317, 0.37629497051239014, 0.3826652467250824, 0.3888344466686249, 0.3964020311832428, 0.4049959182739258, 0.4139110743999481, 0.42376697063446045, 0.432420939207077, 0.4399099349975586, 0.4475491940975189, 0.45308735966682434, 0.45935824513435364, 0.4641706347465515, 0.4707951843738556, 0.4763587713241577, 0.48095157742500305, 0.4857524037361145, 0.49086064100265503, 0.49609601497650146, 0.4992048740386963, 0.5041235685348511, 0.5083765983581543, 0.5114068984985352, 0.514316976070404, 0.5178603529930115, 0.5209276080131531, 0.5230079293251038], "val_loss": [4.903288841247559, 2.239487886428833, 2.0827808380126953, 2.1373860836029053, 1.977718472480774, 1.9452736377716064, 1.9249324798583984, 1.8961765766143799, 1.8475890159606934, 1.8159253597259521, 1.8076926469802856, 1.8454145193099976, 1.8148754835128784, 1.8167616128921509, 1.7720850706100464, 1.7406102418899536, 1.6836676597595215, 1.7181146144866943, 1.742966890335083, 1.6518614292144775, 1.6655713319778442, 1.6267907619476318, 1.6045820713043213, 1.5843921899795532, 1.5872384309768677, 1.5706098079681396, 1.565815806388855, 1.5463924407958984, 1.5369665622711182, 1.5349630117416382], "val_acc": [0.1540246605873108, 0.3280848264694214, 0.37137335538864136, 0.38118308782577515, 0.4122764766216278, 0.4210137128829956, 0.43036115169525146, 0.4340132176876068, 0.4497309625148773, 0.4551212191581726, 0.456739217042923, 0.4514044225215912, 0.45972558856010437, 0.4631742537021637, 0.481665700674057, 0.4813328683376312, 0.4931396543979645, 0.4900885820388794, 0.48921021819114685, 0.5112243294715881, 0.507026731967926, 0.5168364644050598, 0.5184360146522522, 0.5239741802215576, 0.5227352380752563, 0.5292534828186035, 0.533580482006073, 0.5362247824668884, 0.5394885540008545, 0.5408198833465576], "training_time": 1318.1028940677643, "total_time": 2800.5309307575226, "peak_memory": 4001169408}