{"loss": [2.398730516433716, 2.176543951034546, 2.154968023300171, 2.0854783058166504, 1.990113377571106, 1.8835409879684448, 1.7897387742996216, 1.7062510251998901, 1.6389309167861938, 1.590409517288208, 1.5556092262268066, 1.5269532203674316, 1.5012568235397339, 1.480652093887329, 1.461499571800232, 1.4478310346603394, 1.4327422380447388, 1.4213591814041138, 1.4104182720184326, 1.4017086029052734, 1.394341230392456, 1.3864630460739136, 1.3799996376037598, 1.3736451864242554, 1.3685418367385864, 1.3617548942565918], "acc": [0.29424920678138733, 0.351650595664978, 0.3573504090309143, 0.3750031590461731, 0.40160900354385376, 0.4333602488040924, 0.46119847893714905, 0.4859547019004822, 0.50673508644104, 0.5206785202026367, 0.531184196472168, 0.5397643446922302, 0.5473451614379883, 0.5535587668418884, 0.5590882897377014, 0.5635597705841064, 0.5682218074798584, 0.5712997317314148, 0.5751205086708069, 0.5770319700241089, 0.5797713994979858, 0.5823314189910889, 0.5839154720306396, 0.5865515470504761, 0.5881386399269104, 0.5895139575004578], "val_loss": [13.98737621307373, 6.909066200256348, 2.254470109939575, 2.047677993774414, 1.9938088655471802, 1.8797369003295898, 1.6492786407470703, 1.5827513933181763, 1.5516382455825806, 1.4932018518447876, 1.4536237716674805, 1.4173582792282104, 1.4225448369979858, 1.406166911125183, 1.385260820388794, 1.3848649263381958, 1.3706458806991577, 1.350419282913208, 1.357552409172058, 1.3491250276565552, 1.3593292236328125, 1.3381725549697876, 1.3395204544067383, 1.333156943321228, 1.3383499383926392, 1.3283089399337769], "val_acc": [0.12748311460018158, 0.20758840441703796, 0.3402363955974579, 0.39471593499183655, 0.4187028110027313, 0.44224274158477783, 0.5057608485221863, 0.5304926633834839, 0.5362534523010254, 0.5503079295158386, 0.5628724694252014, 0.5725566148757935, 0.5749900937080383, 0.5764302611351013, 0.5862634181976318, 0.582787036895752, 0.5913289785385132, 0.5950536131858826, 0.5942590236663818, 0.5978843569755554, 0.5958482027053833, 0.5999205112457275, 0.6008144617080688, 0.6031485795974731, 0.5980830192565918, 0.6047377586364746], "training_time": 1963.9315915107727, "total_time": 7866.888135433197, "peak_memory": 5759500288}