{"loss": [2.1009998321533203, 1.9109629392623901, 1.7449169158935547, 1.5898315906524658, 1.4944407939910889, 1.4340770244598389, 1.3947230577468872, 1.366084098815918, 1.3446825742721558, 1.3267688751220703, 1.312503457069397, 1.3002052307128906], "acc": [0.38022276759147644, 0.4278210401535034, 0.4739965796470642, 0.5204461216926575, 0.5488582849502563, 0.566713809967041, 0.5783581733703613, 0.5870571732521057, 0.5931216478347778, 0.5982725620269775, 0.6024650931358337, 0.6062198281288147], "val_loss": [2.9531493186950684, 1.8477988243103027, 1.6614118814468384, 1.4895199537277222, 1.3885383605957031, 1.344516396522522, 1.312613844871521, 1.2849183082580566, 1.278537392616272, 1.2582488059997559, 1.2545711994171143, 1.243200421333313], "val_acc": [0.32415008544921875, 0.45575958490371704, 0.5048177242279053, 0.5544911623001099, 0.5805026292800903, 0.5936201810836792, 0.6029059886932373, 0.6102479696273804, 0.6128071546554565, 0.620107114315033, 0.6202049851417542, 0.6231697797775269], "training_time": 7229.14932179451, "total_time": 7710.010703086853, "peak_memory": 11298439168}