{"loss": [2.399664878845215, 2.061964988708496, 2.00351619720459, 1.986957311630249, 1.9566066265106201, 1.9073957204818726, 1.842098355293274, 1.7675169706344604, 1.700583577156067, 1.6440019607543945, 1.5951694250106812, 1.5528268814086914, 1.5161384344100952, 1.4862998723983765, 1.4588533639907837, 1.4365336894989014, 1.4157335758209229, 1.397542119026184, 1.381118655204773, 1.3666059970855713, 1.3543201684951782, 1.3422483205795288, 1.3307524919509888, 1.3210580348968506, 1.3111094236373901, 1.303086280822754, 1.293516755104065, 1.2860009670257568, 1.2781987190246582, 1.2706749439239502], "acc": [0.29879030585289, 0.38782086968421936, 0.4041171967983246, 0.4086192846298218, 0.41597500443458557, 0.4297237992286682, 0.4483184218406677, 0.46968555450439453, 0.48885059356689453, 0.5060677528381348, 0.5196501016616821, 0.5328401923179626, 0.5436500906944275, 0.5519517064094543, 0.5602893233299255, 0.5661931037902832, 0.5723210573196411, 0.5774512887001038, 0.581702470779419, 0.5865582823753357, 0.5902281999588013, 0.5935460329055786, 0.5971682667732239, 0.5994289517402649, 0.6026982665061951, 0.6048786044120789, 0.607211172580719, 0.6094902753829956, 0.6121423244476318, 0.6140676140785217], "val_loss": [6.121133804321289, 4.438300132751465, 2.557213544845581, 2.142087697982788, 2.029994487762451, 1.897360920906067, 1.7526018619537354, 1.7744076251983643, 1.677872657775879, 1.572945475578308, 1.5448678731918335, 1.4820053577423096, 1.4313549995422363, 1.3943625688552856, 1.3929061889648438, 1.3573846817016602, 1.3447303771972656, 1.3300968408584595, 1.3192987442016602, 1.3106789588928223, 1.3078395128250122, 1.2896536588668823, 1.2804210186004639, 1.2862073183059692, 1.277157187461853, 1.2845110893249512, 1.272445559501648, 1.2744172811508179, 1.2698098421096802, 1.2612749338150024], "val_acc": [0.15917380154132843, 0.227613627910614, 0.3032662570476532, 0.4095323979854584, 0.3974427282810211, 0.43658047914505005, 0.47399696707725525, 0.4730543792247772, 0.501700758934021, 0.5244457125663757, 0.5402237772941589, 0.5560837388038635, 0.5669440031051636, 0.5796893835067749, 0.5789107084274292, 0.5865333676338196, 0.5958362221717834, 0.5951395630836487, 0.5987869501113892, 0.6021884083747864, 0.6044424176216125, 0.6107536554336548, 0.6105897426605225, 0.6096881031990051, 0.6150977611541748, 0.6125158667564392, 0.6166960597038269, 0.6153846383094788, 0.6169829368591309, 0.617351770401001], "training_time": 6340.233597278595, "total_time": 6592.787547111511, "peak_memory": 5545349120}