{"loss": [1.7285751104354858, 1.56821870803833, 1.5218570232391357, 1.470172643661499, 1.4132702350616455, 1.3566491603851318, 1.3102631568908691, 1.2722392082214355, 1.2425357103347778, 1.2175790071487427, 1.1969074010849, 1.1797044277191162, 1.1646108627319336, 1.1508281230926514, 1.1391726732254028, 1.127812385559082, 1.1184759140014648, 1.108852744102478, 1.101058840751648, 1.0936599969863892, 1.0874253511428833, 1.079963207244873, 1.0756973028182983, 1.0698254108428955, 1.0656405687332153, 1.0598561763763428, 1.0567909479141235, 1.0528761148452759, 1.0482847690582275, 1.0451648235321045], "acc": [0.5043412446975708, 0.5405185222625732, 0.5516510605812073, 0.56458979845047, 0.5799056887626648, 0.5961858630180359, 0.6099247336387634, 0.6213420629501343, 0.6308371424674988, 0.6383124589920044, 0.6437463760375977, 0.6493103504180908, 0.6535308957099915, 0.6574264168739319, 0.6610186100006104, 0.6642053127288818, 0.6674616932868958, 0.6698806881904602, 0.6719468832015991, 0.6738103032112122, 0.6761380434036255, 0.6774349808692932, 0.6793138980865479, 0.6807176470756531, 0.6818892359733582, 0.6841550469398499, 0.6845079064369202, 0.6857724189758301, 0.686758279800415, 0.6880103349685669], "val_loss": [1.5859246253967285, 1.4601863622665405, 1.4157650470733643, 1.346103310585022, 1.2901957035064697, 1.2499537467956543, 1.2074964046478271, 1.1929614543914795, 1.1657742261886597, 1.1399189233779907, 1.1311091184616089, 1.1129894256591797, 1.1063148975372314, 1.0914838314056396, 1.0906535387039185, 1.080857753753662, 1.0744214057922363, 1.0669136047363281, 1.0661813020706177, 1.0678480863571167, 1.0600416660308838, 1.0616605281829834, 1.053249716758728, 1.047090768814087, 1.0576283931732178, 1.0501512289047241, 1.047074556350708, 1.0430837869644165, 1.0481996536254883, 1.040954351425171], "val_acc": [0.5352718830108643, 0.5624616742134094, 0.5761123299598694, 0.5962756276130676, 0.6116287112236023, 0.6257498264312744, 0.6360946297645569, 0.6440868973731995, 0.6510329246520996, 0.6582328081130981, 0.662832498550415, 0.6664541363716125, 0.6707009673118591, 0.6734682321548462, 0.6758455038070679, 0.677386999130249, 0.6784703731536865, 0.6823086738586426, 0.6833982467651367, 0.6838811039924622, 0.6856516599655151, 0.6854164004325867, 0.6875398755073547, 0.6880351305007935, 0.6886417865753174, 0.6896323561668396, 0.6890875697135925, 0.6909385919570923, 0.6905795335769653, 0.6921643614768982], "training_time": 2518.8423779010773, "total_time": 2534.910122156143, "peak_memory": 3554185216}